project_name	quant_channel_name	result_set_name	search_title	search_date	raw_file_name	peaklist_file_path	result_file_name	result_file_directory	job_number	user_name	user_email	queries_count	searched_sequences_count	software_name	software_version	instrument_config	database_names	database_releases	database_sequences_count	taxonomy	enzymes	max_missed_cleavages	fixed_ptms	variable_ptms	peptide_charge_states	peptide_mass_error_tolerance	fragment_mass_error_tolerance	is_decoy
Laura Myco	Laura MP1_1	Myco_Smeg_MC2 HCD Fusion Trypsin	Myco_Smeg_MC2 HCD Fusion Trypsin	2017:07:26 14:23:55	OFJPA170717_03	OFJPA170717_03.raw.mgf	F083956.dat	G:\Mascot\data\20170726	83956	Parra	mascot default user email	50657	12683	Mascot	2.6.0	ORBITRAP FUSION (A1=FTMS F=HCD A2=FTMS)	D:/Sequences/Myco_smeg_mc2_155/current/Myco_smeg_mc2_155_20170616.fasta	2017:06:16 10:45:24	0	All entries	Trypsin/P	2	Carbamidomethyl (C)	Acetyl (Protein N-term); Oxidation (M)	2+, 3+ and 4+	8.0 ppm	20.0 mmu	false
Laura Myco	Laura MP1_2	Myco_Smeg_MC2 HCD Fusion Trypsin	Myco_Smeg_MC2 HCD Fusion Trypsin	2017:07:26 13:55:33	OFJPA170717_15	OFJPA170717_15.raw.mgf	F083950.dat	G:\Mascot\data\20170726	83950	Parra	mascot default user email	52126	12683	Mascot	2.6.0	ORBITRAP FUSION (A1=FTMS F=HCD A2=FTMS)	D:/Sequences/Myco_smeg_mc2_155/current/Myco_smeg_mc2_155_20170616.fasta	2017:06:16 10:45:24	0	All entries	Trypsin/P	2	Carbamidomethyl (C)	Acetyl (Protein N-term); Oxidation (M)	2+, 3+ and 4+	8.0 ppm	20.0 mmu	false
Laura Myco	Laura MP1_3	Myco_Smeg_MC2 HCD Fusion Trypsin	Myco_Smeg_MC2 HCD Fusion Trypsin	2017:07:26 13:21:51	OFJPA170717_27	OFJPA170717_27.raw.mgf	F083942.dat	G:\Mascot\data\20170726	83942	Parra	mascot default user email	51306	12683	Mascot	2.6.0	ORBITRAP FUSION (A1=FTMS F=HCD A2=FTMS)	D:/Sequences/Myco_smeg_mc2_155/current/Myco_smeg_mc2_155_20170616.fasta	2017:06:16 10:45:24	0	All entries	Trypsin/P	2	Carbamidomethyl (C)	Acetyl (Protein N-term); Oxidation (M)	2+, 3+ and 4+	8.0 ppm	20.0 mmu	false
Laura Myco	Laura MP1_4	Myco_Smeg_MC2 HCD Fusion Trypsin	Myco_Smeg_MC2 HCD Fusion Trypsin	2017:07:26 12:39:57	OFJPA170717_36	OFJPA170717_36.raw.mgf	F083934.dat	G:\Mascot\data\20170726	83934	Parra	mascot default user email	51030	12683	Mascot	2.6.0	ORBITRAP FUSION (A1=FTMS F=HCD A2=FTMS)	D:/Sequences/Myco_smeg_mc2_155/current/Myco_smeg_mc2_155_20170616.fasta	2017:06:16 10:45:24	0	All entries	Trypsin/P	2	Carbamidomethyl (C)	Acetyl (Protein N-term); Oxidation (M)	2+, 3+ and 4+	8.0 ppm	20.0 mmu	false
Laura Myco	Laura MP2_1	Myco_Smeg_MC2 HCD Fusion Trypsin	Myco_Smeg_MC2 HCD Fusion Trypsin	2017:07:26 14:22:40	OFJPA170717_06	OFJPA170717_06.raw.mgf	F083955.dat	G:\Mascot\data\20170726	83955	Parra	mascot default user email	54464	12683	Mascot	2.6.0	ORBITRAP FUSION (A1=FTMS F=HCD A2=FTMS)	D:/Sequences/Myco_smeg_mc2_155/current/Myco_smeg_mc2_155_20170616.fasta	2017:06:16 10:45:24	0	All entries	Trypsin/P	2	Carbamidomethyl (C)	Acetyl (Protein N-term); Oxidation (M)	2+, 3+ and 4+	8.0 ppm	20.0 mmu	false
Laura Myco	Laura MP2_2	Myco_Smeg_MC2 HCD Fusion Trypsin	Myco_Smeg_MC2 HCD Fusion Trypsin	2017:07:26 13:54:25	OFJPA170717_18	OFJPA170717_18.raw.mgf	F083949.dat	G:\Mascot\data\20170726	83949	Parra	mascot default user email	55858	12683	Mascot	2.6.0	ORBITRAP FUSION (A1=FTMS F=HCD A2=FTMS)	D:/Sequences/Myco_smeg_mc2_155/current/Myco_smeg_mc2_155_20170616.fasta	2017:06:16 10:45:24	0	All entries	Trypsin/P	2	Carbamidomethyl (C)	Acetyl (Protein N-term); Oxidation (M)	2+, 3+ and 4+	8.0 ppm	20.0 mmu	false
Laura Myco	Laura MP2_3	Myco_Smeg_MC2 HCD Fusion Trypsin	Myco_Smeg_MC2 HCD Fusion Trypsin	2017:07:26 13:14:45	OFJPA170717_30	OFJPA170717_30.raw.mgf	F083940.dat	G:\Mascot\data\20170726	83940	Parra	mascot default user email	53709	12683	Mascot	2.6.0	ORBITRAP FUSION (A1=FTMS F=HCD A2=FTMS)	D:/Sequences/Myco_smeg_mc2_155/current/Myco_smeg_mc2_155_20170616.fasta	2017:06:16 10:45:24	0	All entries	Trypsin/P	2	Carbamidomethyl (C)	Acetyl (Protein N-term); Oxidation (M)	2+, 3+ and 4+	8.0 ppm	20.0 mmu	false
Laura Myco	Laura MP2_4	Myco_Smeg_MC2 HCD Fusion Trypsin	Myco_Smeg_MC2 HCD Fusion Trypsin	2017:07:26 12:28:38	OFJPA170717_38	OFJPA170717_38.raw.mgf	F083931.dat	G:\Mascot\data\20170726	83931	Parra	mascot default user email	51951	12683	Mascot	2.6.0	ORBITRAP FUSION (A1=FTMS F=HCD A2=FTMS)	D:/Sequences/Myco_smeg_mc2_155/current/Myco_smeg_mc2_155_20170616.fasta	2017:06:16 10:45:24	0	All entries	Trypsin/P	2	Carbamidomethyl (C)	Acetyl (Protein N-term); Oxidation (M)	2+, 3+ and 4+	8.0 ppm	20.0 mmu	false
Laura Myco	Laura MP3_1	Myco_Smeg_MC2 HCD Fusion Trypsin	Myco_Smeg_MC2 HCD Fusion Trypsin	2017:07:26 14:20:55	OFJPA170717_09	OFJPA170717_09.raw.mgf	F083954.dat	G:\Mascot\data\20170726	83954	Parra	mascot default user email	51962	12683	Mascot	2.6.0	ORBITRAP FUSION (A1=FTMS F=HCD A2=FTMS)	D:/Sequences/Myco_smeg_mc2_155/current/Myco_smeg_mc2_155_20170616.fasta	2017:06:16 10:45:24	0	All entries	Trypsin/P	2	Carbamidomethyl (C)	Acetyl (Protein N-term); Oxidation (M)	2+, 3+ and 4+	8.0 ppm	20.0 mmu	false
Laura Myco	Laura MP3_2	Myco_Smeg_MC2 HCD Fusion Trypsin	Myco_Smeg_MC2 HCD Fusion Trypsin	2017:07:26 13:45:41	OFJPA170717_21	OFJPA170717_21.raw.mgf	F083947.dat	G:\Mascot\data\20170726	83947	Parra	mascot default user email	54249	12683	Mascot	2.6.0	ORBITRAP FUSION (A1=FTMS F=HCD A2=FTMS)	D:/Sequences/Myco_smeg_mc2_155/current/Myco_smeg_mc2_155_20170616.fasta	2017:06:16 10:45:24	0	All entries	Trypsin/P	2	Carbamidomethyl (C)	Acetyl (Protein N-term); Oxidation (M)	2+, 3+ and 4+	8.0 ppm	20.0 mmu	false
Laura Myco	Laura MP3_3	Myco_Smeg_MC2 HCD Fusion Trypsin	Myco_Smeg_MC2 HCD Fusion Trypsin	2017:07:26 12:59:05	OFJPA170717_33	OFJPA170717_33.raw.mgf	F083937.dat	G:\Mascot\data\20170726	83937	Parra	mascot default user email	51729	12683	Mascot	2.6.0	ORBITRAP FUSION (A1=FTMS F=HCD A2=FTMS)	D:/Sequences/Myco_smeg_mc2_155/current/Myco_smeg_mc2_155_20170616.fasta	2017:06:16 10:45:24	0	All entries	Trypsin/P	2	Carbamidomethyl (C)	Acetyl (Protein N-term); Oxidation (M)	2+, 3+ and 4+	8.0 ppm	20.0 mmu	false
Laura Myco	Laura MP3_4	Myco_Smeg_MC2 HCD Fusion Trypsin	Myco_Smeg_MC2 HCD Fusion Trypsin	2017:07:26 14:30:53	OFJPA170717_40_2	OFJPA170717_40_2.raw.mgf	F083958.dat	G:\Mascot\data\20170726	83958	Parra	mascot default user email	52920	12683	Mascot	2.6.0	ORBITRAP FUSION (A1=FTMS F=HCD A2=FTMS)	D:/Sequences/Myco_smeg_mc2_155/current/Myco_smeg_mc2_155_20170616.fasta	2017:06:16 10:45:24	0	All entries	Trypsin/P	2	Carbamidomethyl (C)	Acetyl (Protein N-term); Oxidation (M)	2+, 3+ and 4+	8.0 ppm	20.0 mmu	false
Laura Myco	Laura MP4_1	Myco_Smeg_MC2 HCD Fusion Trypsin	Myco_Smeg_MC2 HCD Fusion Trypsin	2017:07:26 14:12:50	OFJPA170717_12	OFJPA170717_12.raw.mgf	F083953.dat	G:\Mascot\data\20170726	83953	Parra	mascot default user email	54884	12683	Mascot	2.6.0	ORBITRAP FUSION (A1=FTMS F=HCD A2=FTMS)	D:/Sequences/Myco_smeg_mc2_155/current/Myco_smeg_mc2_155_20170616.fasta	2017:06:16 10:45:24	0	All entries	Trypsin/P	2	Carbamidomethyl (C)	Acetyl (Protein N-term); Oxidation (M)	2+, 3+ and 4+	8.0 ppm	20.0 mmu	false
Laura Myco	Laura MP4_2	Myco_Smeg_MC2 HCD Fusion Trypsin	Myco_Smeg_MC2 HCD Fusion Trypsin	2017:07:26 13:29:02	OFJPA170717_24	OFJPA170717_24.raw.mgf	F083944.dat	G:\Mascot\data\20170726	83944	Parra	mascot default user email	51605	12683	Mascot	2.6.0	ORBITRAP FUSION (A1=FTMS F=HCD A2=FTMS)	D:/Sequences/Myco_smeg_mc2_155/current/Myco_smeg_mc2_155_20170616.fasta	2017:06:16 10:45:24	0	All entries	Trypsin/P	2	Carbamidomethyl (C)	Acetyl (Protein N-term); Oxidation (M)	2+, 3+ and 4+	8.0 ppm	20.0 mmu	false
Laura Myco	Laura MP4_3	Myco_Smeg_MC2 HCD Fusion Trypsin	Myco_Smeg_MC2 HCD Fusion Trypsin	2017:07:26 12:48:31	OFJPA170717_34	OFJPA170717_34.raw.mgf	F083935.dat	G:\Mascot\data\20170726	83935	Parra	mascot default user email	52335	12683	Mascot	2.6.0	ORBITRAP FUSION (A1=FTMS F=HCD A2=FTMS)	D:/Sequences/Myco_smeg_mc2_155/current/Myco_smeg_mc2_155_20170616.fasta	2017:06:16 10:45:24	0	All entries	Trypsin/P	2	Carbamidomethyl (C)	Acetyl (Protein N-term); Oxidation (M)	2+, 3+ and 4+	8.0 ppm	20.0 mmu	false
Laura Myco	Laura MP4_4	Myco_Smeg_MC2 HCD Fusion Trypsin	Myco_Smeg_MC2 HCD Fusion Trypsin	2017:07:26 14:29:19	OFJPA170717_42_2	OFJPA170717_42_2.raw.mgf	F083957.dat	G:\Mascot\data\20170726	83957	Parra	mascot default user email	53703	12683	Mascot	2.6.0	ORBITRAP FUSION (A1=FTMS F=HCD A2=FTMS)	D:/Sequences/Myco_smeg_mc2_155/current/Myco_smeg_mc2_155_20170616.fasta	2017:06:16 10:45:24	0	All entries	Trypsin/P	2	Carbamidomethyl (C)	Acetyl (Protein N-term); Oxidation (M)	2+, 3+ and 4+	8.0 ppm	20.0 mmu	false
Laura Myco	Laura CF1_1	Myco_Smeg_MC2 HCD Fusion Trypsin	Myco_Smeg_MC2 HCD Fusion Trypsin	2017:07:28 09:18:21	OFJPA170721_34	OFJPA170721_34.raw.mgf	F083975.dat	G:\Mascot\data\20170728	83975	Parra	mascot default user email	50355	12683	Mascot	2.6.0	ORBITRAP FUSION (A1=FTMS F=HCD A2=FTMS)	D:/Sequences/Myco_smeg_mc2_155/current/Myco_smeg_mc2_155_20170616.fasta	2017:06:16 10:45:24	0	All entries	Trypsin/P	2	Carbamidomethyl (C)	Acetyl (Protein N-term); Oxidation (M)	2+, 3+ and 4+	8.0 ppm	20.0 mmu	false
Laura Myco	Laura CF1_2	Myco_Smeg_MC2 HCD Fusion Trypsin	Myco_Smeg_MC2 HCD Fusion Trypsin	2017:07:28 09:14:18	OFJPA170721_42	OFJPA170721_42.raw.mgf	F083971.dat	G:\Mascot\data\20170728	83971	Parra	mascot default user email	49969	12683	Mascot	2.6.0	ORBITRAP FUSION (A1=FTMS F=HCD A2=FTMS)	D:/Sequences/Myco_smeg_mc2_155/current/Myco_smeg_mc2_155_20170616.fasta	2017:06:16 10:45:24	0	All entries	Trypsin/P	2	Carbamidomethyl (C)	Acetyl (Protein N-term); Oxidation (M)	2+, 3+ and 4+	8.0 ppm	20.0 mmu	false
Laura Myco	Laura CF1_3	Myco_Smeg_MC2 HCD Fusion Trypsin	Myco_Smeg_MC2 HCD Fusion Trypsin	2017:07:28 09:10:22	OFJPA170721_50	OFJPA170721_50.raw.mgf	F083967.dat	G:\Mascot\data\20170728	83967	Parra	mascot default user email	48029	12683	Mascot	2.6.0	ORBITRAP FUSION (A1=FTMS F=HCD A2=FTMS)	D:/Sequences/Myco_smeg_mc2_155/current/Myco_smeg_mc2_155_20170616.fasta	2017:06:16 10:45:24	0	All entries	Trypsin/P	2	Carbamidomethyl (C)	Acetyl (Protein N-term); Oxidation (M)	2+, 3+ and 4+	8.0 ppm	20.0 mmu	false
Laura Myco	Laura CF1_4	Myco_Smeg_MC2 HCD Fusion Trypsin	Myco_Smeg_MC2 HCD Fusion Trypsin	2017:07:28 09:06:04	OFJPA170721_58	OFJPA170721_58.raw.mgf	F083963.dat	G:\Mascot\data\20170728	83963	Parra	mascot default user email	47499	12683	Mascot	2.6.0	ORBITRAP FUSION (A1=FTMS F=HCD A2=FTMS)	D:/Sequences/Myco_smeg_mc2_155/current/Myco_smeg_mc2_155_20170616.fasta	2017:06:16 10:45:24	0	All entries	Trypsin/P	2	Carbamidomethyl (C)	Acetyl (Protein N-term); Oxidation (M)	2+, 3+ and 4+	8.0 ppm	20.0 mmu	false
Laura Myco	Laura CF2_1	Myco_Smeg_MC2 HCD Fusion Trypsin	Myco_Smeg_MC2 HCD Fusion Trypsin	2017:07:28 09:17:18	OFJPA170721_36	OFJPA170721_36.raw.mgf	F083974.dat	G:\Mascot\data\20170728	83974	Parra	mascot default user email	49335	12683	Mascot	2.6.0	ORBITRAP FUSION (A1=FTMS F=HCD A2=FTMS)	D:/Sequences/Myco_smeg_mc2_155/current/Myco_smeg_mc2_155_20170616.fasta	2017:06:16 10:45:24	0	All entries	Trypsin/P	2	Carbamidomethyl (C)	Acetyl (Protein N-term); Oxidation (M)	2+, 3+ and 4+	8.0 ppm	20.0 mmu	false
Laura Myco	Laura CF2_2	Myco_Smeg_MC2 HCD Fusion Trypsin	Myco_Smeg_MC2 HCD Fusion Trypsin	2017:07:28 09:13:09	OFJPA170721_44	OFJPA170721_44.raw.mgf	F083970.dat	G:\Mascot\data\20170728	83970	Parra	mascot default user email	48316	12683	Mascot	2.6.0	ORBITRAP FUSION (A1=FTMS F=HCD A2=FTMS)	D:/Sequences/Myco_smeg_mc2_155/current/Myco_smeg_mc2_155_20170616.fasta	2017:06:16 10:45:24	0	All entries	Trypsin/P	2	Carbamidomethyl (C)	Acetyl (Protein N-term); Oxidation (M)	2+, 3+ and 4+	8.0 ppm	20.0 mmu	false
Laura Myco	Laura CF2_3	Myco_Smeg_MC2 HCD Fusion Trypsin	Myco_Smeg_MC2 HCD Fusion Trypsin	2017:07:28 09:09:13	OFJPA170721_52	OFJPA170721_52.raw.mgf	F083966.dat	G:\Mascot\data\20170728	83966	Parra	mascot default user email	48436	12683	Mascot	2.6.0	ORBITRAP FUSION (A1=FTMS F=HCD A2=FTMS)	D:/Sequences/Myco_smeg_mc2_155/current/Myco_smeg_mc2_155_20170616.fasta	2017:06:16 10:45:24	0	All entries	Trypsin/P	2	Carbamidomethyl (C)	Acetyl (Protein N-term); Oxidation (M)	2+, 3+ and 4+	8.0 ppm	20.0 mmu	false
Laura Myco	Laura CF2_4	Myco_Smeg_MC2 HCD Fusion Trypsin	Myco_Smeg_MC2 HCD Fusion Trypsin	2017:07:28 09:06:08	OFJPA170721_60	OFJPA170721_60.raw.mgf	F083964.dat	G:\Mascot\data\20170728	83964	Parra	mascot default user email	47835	12683	Mascot	2.6.0	ORBITRAP FUSION (A1=FTMS F=HCD A2=FTMS)	D:/Sequences/Myco_smeg_mc2_155/current/Myco_smeg_mc2_155_20170616.fasta	2017:06:16 10:45:24	0	All entries	Trypsin/P	2	Carbamidomethyl (C)	Acetyl (Protein N-term); Oxidation (M)	2+, 3+ and 4+	8.0 ppm	20.0 mmu	false
Laura Myco	Laura CF3_1	Myco_Smeg_MC2 HCD Fusion Trypsin	Myco_Smeg_MC2 HCD Fusion Trypsin	2017:07:28 09:16:22	OFJPA170721_38	OFJPA170721_38.raw.mgf	F083973.dat	G:\Mascot\data\20170728	83973	Parra	mascot default user email	50942	12683	Mascot	2.6.0	ORBITRAP FUSION (A1=FTMS F=HCD A2=FTMS)	D:/Sequences/Myco_smeg_mc2_155/current/Myco_smeg_mc2_155_20170616.fasta	2017:06:16 10:45:24	0	All entries	Trypsin/P	2	Carbamidomethyl (C)	Acetyl (Protein N-term); Oxidation (M)	2+, 3+ and 4+	8.0 ppm	20.0 mmu	false
Laura Myco	Laura CF3_2	Myco_Smeg_MC2 HCD Fusion Trypsin	Myco_Smeg_MC2 HCD Fusion Trypsin	2017:07:28 09:12:17	OFJPA170721_46	OFJPA170721_46.raw.mgf	F083969.dat	G:\Mascot\data\20170728	83969	Parra	mascot default user email	50149	12683	Mascot	2.6.0	ORBITRAP FUSION (A1=FTMS F=HCD A2=FTMS)	D:/Sequences/Myco_smeg_mc2_155/current/Myco_smeg_mc2_155_20170616.fasta	2017:06:16 10:45:24	0	All entries	Trypsin/P	2	Carbamidomethyl (C)	Acetyl (Protein N-term); Oxidation (M)	2+, 3+ and 4+	8.0 ppm	20.0 mmu	false
Laura Myco	Laura CF3_3	Myco_Smeg_MC2 HCD Fusion Trypsin	Myco_Smeg_MC2 HCD Fusion Trypsin	2017:07:28 10:09:57	OFJPA170721_54	OFJPA170721_54.raw.mgf	F083978.dat	G:\Mascot\data\20170728	83978	Parra	mascot default user email	49900	12683	Mascot	2.6.0	ORBITRAP FUSION (A1=FTMS F=HCD A2=FTMS)	D:/Sequences/Myco_smeg_mc2_155/current/Myco_smeg_mc2_155_20170616.fasta	2017:06:16 10:45:24	0	All entries	Trypsin/P	2	Carbamidomethyl (C)	Acetyl (Protein N-term); Oxidation (M)	2+, 3+ and 4+	8.0 ppm	20.0 mmu	false
Laura Myco	Laura CF3_4	Myco_Smeg_MC2 HCD Fusion Trypsin	Myco_Smeg_MC2 HCD Fusion Trypsin	2017:07:28 09:06:03	OFJPA170721_62	OFJPA170721_62.raw.mgf	F083962.dat	G:\Mascot\data\20170728	83962	Parra	mascot default user email	49012	12683	Mascot	2.6.0	ORBITRAP FUSION (A1=FTMS F=HCD A2=FTMS)	D:/Sequences/Myco_smeg_mc2_155/current/Myco_smeg_mc2_155_20170616.fasta	2017:06:16 10:45:24	0	All entries	Trypsin/P	2	Carbamidomethyl (C)	Acetyl (Protein N-term); Oxidation (M)	2+, 3+ and 4+	8.0 ppm	20.0 mmu	false
Laura Myco	Laura CF4_1	Myco_Smeg_MC2 HCD Fusion Trypsin	Myco_Smeg_MC2 HCD Fusion Trypsin	2017:07:28 09:15:19	OFJPA170721_40	OFJPA170721_40.raw.mgf	F083972.dat	G:\Mascot\data\20170728	83972	Parra	mascot default user email	50386	12683	Mascot	2.6.0	ORBITRAP FUSION (A1=FTMS F=HCD A2=FTMS)	D:/Sequences/Myco_smeg_mc2_155/current/Myco_smeg_mc2_155_20170616.fasta	2017:06:16 10:45:24	0	All entries	Trypsin/P	2	Carbamidomethyl (C)	Acetyl (Protein N-term); Oxidation (M)	2+, 3+ and 4+	8.0 ppm	20.0 mmu	false
Laura Myco	Laura CF4_2	Myco_Smeg_MC2 HCD Fusion Trypsin	Myco_Smeg_MC2 HCD Fusion Trypsin	2017:07:28 09:11:10	OFJPA170721_48	OFJPA170721_48.raw.mgf	F083968.dat	G:\Mascot\data\20170728	83968	Parra	mascot default user email	49413	12683	Mascot	2.6.0	ORBITRAP FUSION (A1=FTMS F=HCD A2=FTMS)	D:/Sequences/Myco_smeg_mc2_155/current/Myco_smeg_mc2_155_20170616.fasta	2017:06:16 10:45:24	0	All entries	Trypsin/P	2	Carbamidomethyl (C)	Acetyl (Protein N-term); Oxidation (M)	2+, 3+ and 4+	8.0 ppm	20.0 mmu	false
Laura Myco	Laura CF4_3	Myco_Smeg_MC2 HCD Fusion Trypsin	Myco_Smeg_MC2 HCD Fusion Trypsin	2017:07:28 10:09:44	OFJPA170721_56	OFJPA170721_56.raw.mgf	F083979.dat	G:\Mascot\data\20170728	83979	Parra	mascot default user email	48699	12683	Mascot	2.6.0	ORBITRAP FUSION (A1=FTMS F=HCD A2=FTMS)	D:/Sequences/Myco_smeg_mc2_155/current/Myco_smeg_mc2_155_20170616.fasta	2017:06:16 10:45:24	0	All entries	Trypsin/P	2	Carbamidomethyl (C)	Acetyl (Protein N-term); Oxidation (M)	2+, 3+ and 4+	8.0 ppm	20.0 mmu	false
Laura Myco	Laura CF4_4	Myco_Smeg_MC2 HCD Fusion Trypsin	Myco_Smeg_MC2 HCD Fusion Trypsin	2017:07:28 09:06:11	OFJPA170721_64	OFJPA170721_64.raw.mgf	F083965.dat	G:\Mascot\data\20170728	83965	Parra	mascot default user email	48323	12683	Mascot	2.6.0	ORBITRAP FUSION (A1=FTMS F=HCD A2=FTMS)	D:/Sequences/Myco_smeg_mc2_155/current/Myco_smeg_mc2_155_20170616.fasta	2017:06:16 10:45:24	0	All entries	Trypsin/P	2	Carbamidomethyl (C)	Acetyl (Protein N-term); Oxidation (M)	2+, 3+ and 4+	8.0 ppm	20.0 mmu	false
Laura Myco	Laura CW4_1	Myco_Smeg_MC2 HCD Fusion Trypsin	Myco_Smeg_MC2 HCD Fusion Trypsin	2017:07:26 12:05:18	OFJPA170717_50	OFJPA170717_50.raw.mgf	F083925.dat	G:\Mascot\data\20170726	83925	Parra	mascot default user email	50985	12683	Mascot	2.6.0	ORBITRAP FUSION (A1=FTMS F=HCD A2=FTMS)	D:/Sequences/Myco_smeg_mc2_155/current/Myco_smeg_mc2_155_20170616.fasta	2017:06:16 10:45:24	0	All entries	Trypsin/P	2	Carbamidomethyl (C)	Acetyl (Protein N-term); Oxidation (M)	2+, 3+ and 4+	8.0 ppm	20.0 mmu	false
Laura Myco	Laura CW4_2	Myco_Smeg_MC2 HCD Fusion Trypsin	Myco_Smeg_MC2 HCD Fusion Trypsin	2017:07:26 11:04:33	OFJPA170717_58	OFJPA170717_58.raw.mgf	F083914.dat	G:\Mascot\data\20170726	83914	Parra	mascot default user email	51137	12683	Mascot	2.6.0	ORBITRAP FUSION (A1=FTMS F=HCD A2=FTMS)	D:/Sequences/Myco_smeg_mc2_155/current/Myco_smeg_mc2_155_20170616.fasta	2017:06:16 10:45:24	0	All entries	Trypsin/P	2	Carbamidomethyl (C)	Acetyl (Protein N-term); Oxidation (M)	2+, 3+ and 4+	8.0 ppm	20.0 mmu	false
Laura Myco	Laura CW4_3	Myco_Smeg_MC2 HCD Fusion Trypsin	Myco_Smeg_MC2 HCD Fusion Trypsin	2017:07:26 10:19:42	OFJPA170717_66	OFJPA170717_66.raw.mgf	F083904.dat	G:\Mascot\data\20170726	83904	Parra	mascot default user email	50554	12683	Mascot	2.6.0	ORBITRAP FUSION (A1=FTMS F=HCD A2=FTMS)	D:/Sequences/Myco_smeg_mc2_155/current/Myco_smeg_mc2_155_20170616.fasta	2017:06:16 10:45:24	0	All entries	Trypsin/P	2	Carbamidomethyl (C)	Acetyl (Protein N-term); Oxidation (M)	2+, 3+ and 4+	8.0 ppm	20.0 mmu	false
Laura Myco	Laura CW4_4	Myco_Smeg_MC2 HCD Fusion Trypsin	Myco_Smeg_MC2 HCD Fusion Trypsin	2017:07:26 09:33:55	OFJPA170717_74	OFJPA170717_74.raw.mgf	F083895.dat	G:\Mascot\data\20170726	83895	Parra	mascot default user email	51373	12683	Mascot	2.6.0	ORBITRAP FUSION (A1=FTMS F=HCD A2=FTMS)	D:/Sequences/Myco_smeg_mc2_155/current/Myco_smeg_mc2_155_20170616.fasta	2017:06:16 10:45:24	0	All entries	Trypsin/P	2	Carbamidomethyl (C)	Acetyl (Protein N-term); Oxidation (M)	2+, 3+ and 4+	8.0 ppm	20.0 mmu	false
Laura Myco	Laura CW1_1	Myco_Smeg_MC2 HCD Fusion Trypsin	Myco_Smeg_MC2 HCD Fusion Trypsin	2017:07:26 12:13:59	OFJPA170717_44	OFJPA170717_44.raw.mgf	F083928.dat	G:\Mascot\data\20170726	83928	Parra	mascot default user email	52911	12683	Mascot	2.6.0	ORBITRAP FUSION (A1=FTMS F=HCD A2=FTMS)	D:/Sequences/Myco_smeg_mc2_155/current/Myco_smeg_mc2_155_20170616.fasta	2017:06:16 10:45:24	0	All entries	Trypsin/P	2	Carbamidomethyl (C)	Acetyl (Protein N-term); Oxidation (M)	2+, 3+ and 4+	8.0 ppm	20.0 mmu	false
Laura Myco	Laura CW1_2	Myco_Smeg_MC2 HCD Fusion Trypsin	Myco_Smeg_MC2 HCD Fusion Trypsin	2017:07:26 11:39:10	OFJPA170717_52	OFJPA170717_52.raw.mgf	F083921.dat	G:\Mascot\data\20170726	83921	Parra	mascot default user email	51761	12683	Mascot	2.6.0	ORBITRAP FUSION (A1=FTMS F=HCD A2=FTMS)	D:/Sequences/Myco_smeg_mc2_155/current/Myco_smeg_mc2_155_20170616.fasta	2017:06:16 10:45:24	0	All entries	Trypsin/P	2	Carbamidomethyl (C)	Acetyl (Protein N-term); Oxidation (M)	2+, 3+ and 4+	8.0 ppm	20.0 mmu	false
Laura Myco	Laura CW1_3	Myco_Smeg_MC2 HCD Fusion Trypsin	Myco_Smeg_MC2 HCD Fusion Trypsin	2017:07:26 11:03:14	OFJPA170717_60	OFJPA170717_60.raw.mgf	F083913.dat	G:\Mascot\data\20170726	83913	Parra	mascot default user email	52923	12683	Mascot	2.6.0	ORBITRAP FUSION (A1=FTMS F=HCD A2=FTMS)	D:/Sequences/Myco_smeg_mc2_155/current/Myco_smeg_mc2_155_20170616.fasta	2017:06:16 10:45:24	0	All entries	Trypsin/P	2	Carbamidomethyl (C)	Acetyl (Protein N-term); Oxidation (M)	2+, 3+ and 4+	8.0 ppm	20.0 mmu	false
Laura Myco	Laura CW1_4	Myco_Smeg_MC2 HCD Fusion Trypsin	Myco_Smeg_MC2 HCD Fusion Trypsin	2017:07:26 10:09:16	OFJPA170717_68	OFJPA170717_68.raw.mgf	F083903.dat	G:\Mascot\data\20170726	83903	Parra	mascot default user email	51276	12683	Mascot	2.6.0	ORBITRAP FUSION (A1=FTMS F=HCD A2=FTMS)	D:/Sequences/Myco_smeg_mc2_155/current/Myco_smeg_mc2_155_20170616.fasta	2017:06:16 10:45:24	0	All entries	Trypsin/P	2	Carbamidomethyl (C)	Acetyl (Protein N-term); Oxidation (M)	2+, 3+ and 4+	8.0 ppm	20.0 mmu	false
Laura Myco	Laura CW2_1	Myco_Smeg_MC2 HCD Fusion Trypsin	Myco_Smeg_MC2 HCD Fusion Trypsin	2017:07:26 12:12:09	OFJPA170717_46	OFJPA170717_46.raw.mgf	F083927.dat	G:\Mascot\data\20170726	83927	Parra	mascot default user email	49969	12683	Mascot	2.6.0	ORBITRAP FUSION (A1=FTMS F=HCD A2=FTMS)	D:/Sequences/Myco_smeg_mc2_155/current/Myco_smeg_mc2_155_20170616.fasta	2017:06:16 10:45:24	0	All entries	Trypsin/P	2	Carbamidomethyl (C)	Acetyl (Protein N-term); Oxidation (M)	2+, 3+ and 4+	8.0 ppm	20.0 mmu	false
Laura Myco	Laura CW2_2	Myco_Smeg_MC2 HCD Fusion Trypsin	Myco_Smeg_MC2 HCD Fusion Trypsin	2017:07:26 11:26:48	OFJPA170717_54	OFJPA170717_54.raw.mgf	F083917.dat	G:\Mascot\data\20170726	83917	Parra	mascot default user email	49904	12683	Mascot	2.6.0	ORBITRAP FUSION (A1=FTMS F=HCD A2=FTMS)	D:/Sequences/Myco_smeg_mc2_155/current/Myco_smeg_mc2_155_20170616.fasta	2017:06:16 10:45:24	0	All entries	Trypsin/P	2	Carbamidomethyl (C)	Acetyl (Protein N-term); Oxidation (M)	2+, 3+ and 4+	8.0 ppm	20.0 mmu	false
Laura Myco	Laura CW2_3	Myco_Smeg_MC2 HCD Fusion Trypsin	Myco_Smeg_MC2 HCD Fusion Trypsin	2017:07:26 10:44:58	OFJPA170717_62	OFJPA170717_62.raw.mgf	F083910.dat	G:\Mascot\data\20170726	83910	Parra	mascot default user email	50294	12683	Mascot	2.6.0	ORBITRAP FUSION (A1=FTMS F=HCD A2=FTMS)	D:/Sequences/Myco_smeg_mc2_155/current/Myco_smeg_mc2_155_20170616.fasta	2017:06:16 10:45:24	0	All entries	Trypsin/P	2	Carbamidomethyl (C)	Acetyl (Protein N-term); Oxidation (M)	2+, 3+ and 4+	8.0 ppm	20.0 mmu	false
Laura Myco	Laura CW2_4	Myco_Smeg_MC2 HCD Fusion Trypsin	Myco_Smeg_MC2 HCD Fusion Trypsin	2017:07:26 09:39:27	OFJPA170717_70	OFJPA170717_70.raw.mgf	F083900.dat	G:\Mascot\data\20170726	83900	Parra	mascot default user email	49236	12683	Mascot	2.6.0	ORBITRAP FUSION (A1=FTMS F=HCD A2=FTMS)	D:/Sequences/Myco_smeg_mc2_155/current/Myco_smeg_mc2_155_20170616.fasta	2017:06:16 10:45:24	0	All entries	Trypsin/P	2	Carbamidomethyl (C)	Acetyl (Protein N-term); Oxidation (M)	2+, 3+ and 4+	8.0 ppm	20.0 mmu	false
Laura Myco	Laura CW3_1	Myco_Smeg_MC2 HCD Fusion Trypsin	Myco_Smeg_MC2 HCD Fusion Trypsin	2017:07:26 11:49:17	OFJPA170717_48	OFJPA170717_48.raw.mgf	F083922.dat	G:\Mascot\data\20170726	83922	Parra	mascot default user email	50413	12683	Mascot	2.6.0	ORBITRAP FUSION (A1=FTMS F=HCD A2=FTMS)	D:/Sequences/Myco_smeg_mc2_155/current/Myco_smeg_mc2_155_20170616.fasta	2017:06:16 10:45:24	0	All entries	Trypsin/P	2	Carbamidomethyl (C)	Acetyl (Protein N-term); Oxidation (M)	2+, 3+ and 4+	8.0 ppm	20.0 mmu	false
Laura Myco	Laura CW3_2	Myco_Smeg_MC2 HCD Fusion Trypsin	Myco_Smeg_MC2 HCD Fusion Trypsin	2017:07:26 11:10:13	OFJPA170717_56	OFJPA170717_56.raw.mgf	F083915.dat	G:\Mascot\data\20170726	83915	Parra	mascot default user email	51787	12683	Mascot	2.6.0	ORBITRAP FUSION (A1=FTMS F=HCD A2=FTMS)	D:/Sequences/Myco_smeg_mc2_155/current/Myco_smeg_mc2_155_20170616.fasta	2017:06:16 10:45:24	0	All entries	Trypsin/P	2	Carbamidomethyl (C)	Acetyl (Protein N-term); Oxidation (M)	2+, 3+ and 4+	8.0 ppm	20.0 mmu	false
Laura Myco	Laura CW3_3	Myco_Smeg_MC2 HCD Fusion Trypsin	Myco_Smeg_MC2 HCD Fusion Trypsin	2017:07:26 10:32:25	OFJPA170717_64	OFJPA170717_64.raw.mgf	F083906.dat	G:\Mascot\data\20170726	83906	Parra	mascot default user email	50626	12683	Mascot	2.6.0	ORBITRAP FUSION (A1=FTMS F=HCD A2=FTMS)	D:/Sequences/Myco_smeg_mc2_155/current/Myco_smeg_mc2_155_20170616.fasta	2017:06:16 10:45:24	0	All entries	Trypsin/P	2	Carbamidomethyl (C)	Acetyl (Protein N-term); Oxidation (M)	2+, 3+ and 4+	8.0 ppm	20.0 mmu	false
Laura Myco	Laura CW3_4	Myco_Smeg_MC2 HCD Fusion Trypsin	Myco_Smeg_MC2 HCD Fusion Trypsin	2017:07:26 09:56:20	OFJPA170717_72	OFJPA170717_72.raw.mgf	F083902.dat	G:\Mascot\data\20170726	83902	Parra	mascot default user email	49755	12683	Mascot	2.6.0	ORBITRAP FUSION (A1=FTMS F=HCD A2=FTMS)	D:/Sequences/Myco_smeg_mc2_155/current/Myco_smeg_mc2_155_20170616.fasta	2017:06:16 10:45:24	0	All entries	Trypsin/P	2	Carbamidomethyl (C)	Acetyl (Protein N-term); Oxidation (M)	2+, 3+ and 4+	8.0 ppm	20.0 mmu	false
Laura Myco	Laura CP2_1	Myco_Smeg_MC2 HCD Fusion Trypsin	Myco_Smeg_MC2 HCD Fusion Trypsin	2017:07:26 09:28:53	OFJPA170721_04	OFJPA170721_04.raw.mgf	F083890.dat	G:\Mascot\data\20170726	83890	Parra	mascot default user email	55457	12683	Mascot	2.6.0	ORBITRAP FUSION (A1=FTMS F=HCD A2=FTMS)	D:/Sequences/Myco_smeg_mc2_155/current/Myco_smeg_mc2_155_20170616.fasta	2017:06:16 10:45:24	0	All entries	Trypsin/P	2	Carbamidomethyl (C)	Acetyl (Protein N-term); Oxidation (M)	2+, 3+ and 4+	8.0 ppm	20.0 mmu	false
Laura Myco	Laura CP2_2	Myco_Smeg_MC2 HCD Fusion Trypsin	Myco_Smeg_MC2 HCD Fusion Trypsin	2017:07:26 09:22:54	OFJPA170721_12	OFJPA170721_12.raw.mgf	F083886.dat	G:\Mascot\data\20170726	83886	Parra	mascot default user email	58002	12683	Mascot	2.6.0	ORBITRAP FUSION (A1=FTMS F=HCD A2=FTMS)	D:/Sequences/Myco_smeg_mc2_155/current/Myco_smeg_mc2_155_20170616.fasta	2017:06:16 10:45:24	0	All entries	Trypsin/P	2	Carbamidomethyl (C)	Acetyl (Protein N-term); Oxidation (M)	2+, 3+ and 4+	8.0 ppm	20.0 mmu	false
Laura Myco	Laura CP2_3	Myco_Smeg_MC2 HCD Fusion Trypsin	Myco_Smeg_MC2 HCD Fusion Trypsin	2017:07:26 09:19:29	OFJPA170721_20	OFJPA170721_20.raw.mgf	F083882.dat	G:\Mascot\data\20170726	83882	Parra	mascot default user email	54407	12683	Mascot	2.6.0	ORBITRAP FUSION (A1=FTMS F=HCD A2=FTMS)	D:/Sequences/Myco_smeg_mc2_155/current/Myco_smeg_mc2_155_20170616.fasta	2017:06:16 10:45:24	0	All entries	Trypsin/P	2	Carbamidomethyl (C)	Acetyl (Protein N-term); Oxidation (M)	2+, 3+ and 4+	8.0 ppm	20.0 mmu	false
Laura Myco	Laura CP2_4	Myco_Smeg_MC2 HCD Fusion Trypsin	Myco_Smeg_MC2 HCD Fusion Trypsin	2017:07:26 09:14:47	OFJPA170721_28	OFJPA170721_28.raw.mgf	F083876.dat	G:\Mascot\data\20170726	83876	Parra	mascot default user email	55180	12683	Mascot	2.6.0	ORBITRAP FUSION (A1=FTMS F=HCD A2=FTMS)	D:/Sequences/Myco_smeg_mc2_155/current/Myco_smeg_mc2_155_20170616.fasta	2017:06:16 10:45:24	0	All entries	Trypsin/P	2	Carbamidomethyl (C)	Acetyl (Protein N-term); Oxidation (M)	2+, 3+ and 4+	8.0 ppm	20.0 mmu	false
Laura Myco	Laura CP1_1	Myco_Smeg_MC2 HCD Fusion Trypsin	Myco_Smeg_MC2 HCD Fusion Trypsin	2017:07:26 09:33:58	OFJPA170721_02	OFJPA170721_02.raw.mgf	F083894.dat	G:\Mascot\data\20170726	83894	Parra	mascot default user email	55585	12683	Mascot	2.6.0	ORBITRAP FUSION (A1=FTMS F=HCD A2=FTMS)	D:/Sequences/Myco_smeg_mc2_155/current/Myco_smeg_mc2_155_20170616.fasta	2017:06:16 10:45:24	0	All entries	Trypsin/P	2	Carbamidomethyl (C)	Acetyl (Protein N-term); Oxidation (M)	2+, 3+ and 4+	8.0 ppm	20.0 mmu	false
Laura Myco	Laura CP1_2	Myco_Smeg_MC2 HCD Fusion Trypsin	Myco_Smeg_MC2 HCD Fusion Trypsin	2017:07:26 09:24:14	OFJPA170721_10	OFJPA170721_10.raw.mgf	F083887.dat	G:\Mascot\data\20170726	83887	Parra	mascot default user email	53547	12683	Mascot	2.6.0	ORBITRAP FUSION (A1=FTMS F=HCD A2=FTMS)	D:/Sequences/Myco_smeg_mc2_155/current/Myco_smeg_mc2_155_20170616.fasta	2017:06:16 10:45:24	0	All entries	Trypsin/P	2	Carbamidomethyl (C)	Acetyl (Protein N-term); Oxidation (M)	2+, 3+ and 4+	8.0 ppm	20.0 mmu	false
Laura Myco	Laura CP1_3	Myco_Smeg_MC2 HCD Fusion Trypsin	Myco_Smeg_MC2 HCD Fusion Trypsin	2017:07:26 09:20:01	OFJPA170721_18	OFJPA170721_18.raw.mgf	F083883.dat	G:\Mascot\data\20170726	83883	Parra	mascot default user email	53186	12683	Mascot	2.6.0	ORBITRAP FUSION (A1=FTMS F=HCD A2=FTMS)	D:/Sequences/Myco_smeg_mc2_155/current/Myco_smeg_mc2_155_20170616.fasta	2017:06:16 10:45:24	0	All entries	Trypsin/P	2	Carbamidomethyl (C)	Acetyl (Protein N-term); Oxidation (M)	2+, 3+ and 4+	8.0 ppm	20.0 mmu	false
Laura Myco	Laura CP1_4	Myco_Smeg_MC2 HCD Fusion Trypsin	Myco_Smeg_MC2 HCD Fusion Trypsin	2017:07:26 09:14:40	OFJPA170721_26	OFJPA170721_26.raw.mgf	F083878.dat	G:\Mascot\data\20170726	83878	Parra	mascot default user email	55375	12683	Mascot	2.6.0	ORBITRAP FUSION (A1=FTMS F=HCD A2=FTMS)	D:/Sequences/Myco_smeg_mc2_155/current/Myco_smeg_mc2_155_20170616.fasta	2017:06:16 10:45:24	0	All entries	Trypsin/P	2	Carbamidomethyl (C)	Acetyl (Protein N-term); Oxidation (M)	2+, 3+ and 4+	8.0 ppm	20.0 mmu	false
Laura Myco	Laura CP4_1	Myco_Smeg_MC2 HCD Fusion Trypsin	Myco_Smeg_MC2 HCD Fusion Trypsin	2017:07:26 09:25:45	OFJPA170721_08	OFJPA170721_08.raw.mgf	F083888.dat	G:\Mascot\data\20170726	83888	Parra	mascot default user email	53547	12683	Mascot	2.6.0	ORBITRAP FUSION (A1=FTMS F=HCD A2=FTMS)	D:/Sequences/Myco_smeg_mc2_155/current/Myco_smeg_mc2_155_20170616.fasta	2017:06:16 10:45:24	0	All entries	Trypsin/P	2	Carbamidomethyl (C)	Acetyl (Protein N-term); Oxidation (M)	2+, 3+ and 4+	8.0 ppm	20.0 mmu	false
Laura Myco	Laura CP4_2	Myco_Smeg_MC2 HCD Fusion Trypsin	Myco_Smeg_MC2 HCD Fusion Trypsin	2017:07:26 09:20:08	OFJPA170721_16	OFJPA170721_16.raw.mgf	F083884.dat	G:\Mascot\data\20170726	83884	Parra	mascot default user email	52750	12683	Mascot	2.6.0	ORBITRAP FUSION (A1=FTMS F=HCD A2=FTMS)	D:/Sequences/Myco_smeg_mc2_155/current/Myco_smeg_mc2_155_20170616.fasta	2017:06:16 10:45:24	0	All entries	Trypsin/P	2	Carbamidomethyl (C)	Acetyl (Protein N-term); Oxidation (M)	2+, 3+ and 4+	8.0 ppm	20.0 mmu	false
Laura Myco	Laura CP4_3	Myco_Smeg_MC2 HCD Fusion Trypsin	Myco_Smeg_MC2 HCD Fusion Trypsin	2017:07:26 09:14:41	OFJPA170721_24	OFJPA170721_24.raw.mgf	F083880.dat	G:\Mascot\data\20170726	83880	Parra	mascot default user email	53643	12683	Mascot	2.6.0	ORBITRAP FUSION (A1=FTMS F=HCD A2=FTMS)	D:/Sequences/Myco_smeg_mc2_155/current/Myco_smeg_mc2_155_20170616.fasta	2017:06:16 10:45:24	0	All entries	Trypsin/P	2	Carbamidomethyl (C)	Acetyl (Protein N-term); Oxidation (M)	2+, 3+ and 4+	8.0 ppm	20.0 mmu	false
Laura Myco	Laura CP4_4	Myco_Smeg_MC2 HCD Fusion Trypsin	Myco_Smeg_MC2 HCD Fusion Trypsin	2017:07:25 16:15:44	OFJPA170721_32	OFJPA170721_32.raw.mgf	F083874.dat	G:\Mascot\data\20170725	83874	Parra	mascot default user email	54314	12683	Mascot	2.6.0	ORBITRAP FUSION (A1=FTMS F=HCD A2=TRAP)	D:/Sequences/Myco_smeg_mc2_155/current/Myco_smeg_mc2_155_20170616.fasta	2017:06:16 10:45:24	0	All entries	Trypsin/P	2	Carbamidomethyl (C)	Acetyl (Protein N-term); Oxidation (M)	2+, 3+ and 4+	8.0 ppm	20.0 mmu	false
Laura Myco	Laura CP3_1	Myco_Smeg_MC2 HCD Fusion Trypsin	Myco_Smeg_MC2 HCD Fusion Trypsin	2017:07:26 09:27:34	OFJPA170721_06	OFJPA170721_06.raw.mgf	F083889.dat	G:\Mascot\data\20170726	83889	Parra	mascot default user email	55970	12683	Mascot	2.6.0	ORBITRAP FUSION (A1=FTMS F=HCD A2=FTMS)	D:/Sequences/Myco_smeg_mc2_155/current/Myco_smeg_mc2_155_20170616.fasta	2017:06:16 10:45:24	0	All entries	Trypsin/P	2	Carbamidomethyl (C)	Acetyl (Protein N-term); Oxidation (M)	2+, 3+ and 4+	8.0 ppm	20.0 mmu	false
Laura Myco	Laura CP3_2	Myco_Smeg_MC2 HCD Fusion Trypsin	Myco_Smeg_MC2 HCD Fusion Trypsin	2017:07:26 09:21:04	OFJPA170721_14	OFJPA170721_14.raw.mgf	F083885.dat	G:\Mascot\data\20170726	83885	Parra	mascot default user email	54430	12683	Mascot	2.6.0	ORBITRAP FUSION (A1=FTMS F=HCD A2=FTMS)	D:/Sequences/Myco_smeg_mc2_155/current/Myco_smeg_mc2_155_20170616.fasta	2017:06:16 10:45:24	0	All entries	Trypsin/P	2	Carbamidomethyl (C)	Acetyl (Protein N-term); Oxidation (M)	2+, 3+ and 4+	8.0 ppm	20.0 mmu	false
Laura Myco	Laura CP3_3	Myco_Smeg_MC2 HCD Fusion Trypsin	Myco_Smeg_MC2 HCD Fusion Trypsin	2017:07:26 09:17:01	OFJPA170721_22	OFJPA170721_22.raw.mgf	F083881.dat	G:\Mascot\data\20170726	83881	Parra	mascot default user email	54983	12683	Mascot	2.6.0	ORBITRAP FUSION (A1=FTMS F=HCD A2=FTMS)	D:/Sequences/Myco_smeg_mc2_155/current/Myco_smeg_mc2_155_20170616.fasta	2017:06:16 10:45:24	0	All entries	Trypsin/P	2	Carbamidomethyl (C)	Acetyl (Protein N-term); Oxidation (M)	2+, 3+ and 4+	8.0 ppm	20.0 mmu	false
Laura Myco	Laura CP3_4	Myco_Smeg_MC2 HCD Fusion Trypsin	Myco_Smeg_MC2 HCD Fusion Trypsin	2017:07:25 16:15:57	OFJPA170721_30	OFJPA170721_30.raw.mgf	F083875.dat	G:\Mascot\data\20170725	83875	Parra	mascot default user email	54064	12683	Mascot	2.6.0	ORBITRAP FUSION (A1=FTMS F=HCD A2=FTMS)	D:/Sequences/Myco_smeg_mc2_155/current/Myco_smeg_mc2_155_20170616.fasta	2017:06:16 10:45:24	0	All entries	Trypsin/P	2	Carbamidomethyl (C)	Acetyl (Protein N-term); Oxidation (M)	2+, 3+ and 4+	8.0 ppm	20.0 mmu	false
